"letter_date","letter_ref","letter_url","company","ticker","exchange","stance","comment","quote_link"
"2024-01-18","Vol 2 no 2","https://recm.co.za/letters/v2-2","Alphabet","GOOGL","NASDAQ","bearish","So, if you own them (I don't), dance close to the door.","https://recm.co.za/letters/v2-2#:~:text=So%2C%20if%20you,to%20the%20door."
"2024-01-18","Vol 2 no 2","https://recm.co.za/letters/v2-2","Amazon","AMZN","NASDAQ","bearish","So, if you own them (I don't), dance close to the door.","https://recm.co.za/letters/v2-2#:~:text=So%2C%20if%20you,to%20the%20door."
"2024-01-18","Vol 2 no 2","https://recm.co.za/letters/v2-2","Apple","AAPL","NASDAQ","bearish","So, if you own them (I don't), dance close to the door.","https://recm.co.za/letters/v2-2#:~:text=So%2C%20if%20you,to%20the%20door."
"2024-01-18","Vol 2 no 2","https://recm.co.za/letters/v2-2","Meta Platforms","META","NASDAQ","bearish","So, if you own them (I don't), dance close to the door.","https://recm.co.za/letters/v2-2#:~:text=So%2C%20if%20you,to%20the%20door."
"2024-01-18","Vol 2 no 2","https://recm.co.za/letters/v2-2","Microsoft","MSFT","NASDAQ","bearish","So, if you own them (I don't), dance close to the door.","https://recm.co.za/letters/v2-2#:~:text=So%2C%20if%20you,to%20the%20door."
"2024-01-18","Vol 2 no 2","https://recm.co.za/letters/v2-2","Nvidia","NVDA","NASDAQ","bearish","So, if you own them (I don't), dance close to the door.","https://recm.co.za/letters/v2-2#:~:text=So%2C%20if%20you,to%20the%20door."
"2024-01-18","Vol 2 no 2","https://recm.co.za/letters/v2-2","Tesla","TSLA","NASDAQ","bearish","So, if you own them (I don't), dance close to the door.","https://recm.co.za/letters/v2-2#:~:text=So%2C%20if%20you,to%20the%20door."
"2024-01-18","Vol 2 no 2","https://recm.co.za/letters/v2-2","Yellow Cake","YCA.L","LSE","bullish","Yellow Cake, a core commodity holding of the Merchant West Worldwide Flexible fund","https://recm.co.za/letters/v2-2#:~:text=Yellow%20Cake%2C%20a,Worldwide%20Flexible%20fund"
"2024-01-18","Vol 2 no 2","https://recm.co.za/letters/v2-2","Nintendo","7974.T","TSE","bullish","Nintendo, one of the dominant players in the industry, is a top holding","https://recm.co.za/letters/v2-2#:~:text=Nintendo%2C%20one%20of,a%20top%20holding"
"2024-01-18","Vol 2 no 2","https://recm.co.za/letters/v2-2","Walgreens Boots Alliance","WBA","NASDAQ","bearish","I would stay on the sidelines with this former dividend aristocrat here.","https://recm.co.za/letters/v2-2#:~:text=I%20would%20stay,dividend%20aristocrat%20here."
"2024-01-18","Vol 2 no 2","https://recm.co.za/letters/v2-2","Kering","KER.PA","Euronext Paris","bearish","It's still far too early, even for brave investors.","https://recm.co.za/letters/v2-2#:~:text=still%20far%20too,for%20brave%20investors."
"2024-01-25","Vol 2 no 3","https://recm.co.za/letters/v2-3","Meta Platforms","META","NASDAQ","bearish","this cohort of stocks really scares me.","https://recm.co.za/letters/v2-3#:~:text=this%20cohort%20of,really%20scares%20me."
"2024-01-25","Vol 2 no 3","https://recm.co.za/letters/v2-3","Sasol","SOL.JO","JSE","bearish","Sasol has been misallocating capital for a very, very long time.","https://recm.co.za/letters/v2-3#:~:text=Sasol%20has%20been,very%20long%20time."
"2024-01-25","Vol 2 no 3","https://recm.co.za/letters/v2-3","Warner Bros Discovery","WBD","NASDAQ","bearish","I have no exposure to this part of the market","https://recm.co.za/letters/v2-3#:~:text=I%20have%20no,of%20the%20market"
"2024-01-25","Vol 2 no 3","https://recm.co.za/letters/v2-3","Adamas One","JEWL","NASDAQ","bearish","the market is saying lab-grown will not take over the world","https://recm.co.za/letters/v2-3#:~:text=the%20market%20is,over%20the%20world"
"2024-02-01","Vol 2 no 4","https://recm.co.za/letters/v2-4","Berkshire Hathaway","BRK-B","NYSE","bullish","BH is the least scary way to get access to it.","https://recm.co.za/letters/v2-4#:~:text=BH%20is%20the,access%20to%20it."
"2024-02-01","Vol 2 no 4","https://recm.co.za/letters/v2-4","Tesla","TSLA","NASDAQ","bearish","no price target is too low.","https://recm.co.za/letters/v2-4#:~:text=no%20price%20target%20is%20too%20low."
"2024-02-01","Vol 2 no 4","https://recm.co.za/letters/v2-4","UPS","UPS","NYSE","bearish","when a company like UPS is struggling, things can't be good.","https://recm.co.za/letters/v2-4#:~:text=when%20a%20company,is%20struggling%2C%20things"
"2024-02-01","Vol 2 no 4","https://recm.co.za/letters/v2-4","Exor","EXO.AS","Euronext Amsterdam","bullish","the MWI Worldwide Flexible fund (the cockroach) does own Exor","https://recm.co.za/letters/v2-4#:~:text=the%20MWI%20Worldwide,does%20own%20Exor"
"2024-02-08","Vol 2 no 5","https://recm.co.za/letters/v2-5","AB InBev","ANH.JO","JSE","bullish","It is one of the biggest positions in the Merchant West Value fund.","https://recm.co.za/letters/v2-5#:~:text=It%20is%20one,West%20Value%20fund."
"2024-02-08","Vol 2 no 5","https://recm.co.za/letters/v2-5","Toyota","7203.T","TSE","bullish","one of the bigger holdings in the Merchant West Global Value fund","https://recm.co.za/letters/v2-5#:~:text=one%20of%20the,Global%20Value%20fund"
"2024-02-08","Vol 2 no 5","https://recm.co.za/letters/v2-5","Uber","UBER","NYSE","bearish","At present, it's too rich for my liking","https://recm.co.za/letters/v2-5#:~:text=At%20present%2C%20it%27s%20too%20rich%20for%20my%20liking"
"2024-02-08","Vol 2 no 5","https://recm.co.za/letters/v2-5","Newmont","NEM","NYSE","bearish","Gold mining is not a good business","https://recm.co.za/letters/v2-5#:~:text=Gold%20mining%20is,a%20good%20business"
"2024-02-08","Vol 2 no 5","https://recm.co.za/letters/v2-5","MTN","MTN.JO","JSE","bearish","I don't own the share.","https://recm.co.za/letters/v2-5#:~:text=I%20don%27t%20own%20the%20share."
"2024-02-08","Vol 2 no 5","https://recm.co.za/letters/v2-5","Impala Platinum","IMP.JO","JSE","bullish","Impala should be the preferred play.","https://recm.co.za/letters/v2-5#:~:text=Impala%20should%20be%20the%20preferred%20play."
"2024-02-08","Vol 2 no 5","https://recm.co.za/letters/v2-5","Apple","AAPL","NASDAQ","bullish","I would not bet against it.","https://recm.co.za/letters/v2-5#:~:text=I%20would%20not%20bet%20against%20it."
"2024-02-15","Vol 2 no 6","https://recm.co.za/letters/v2-6","Aston Martin","AML.L","LSE","bearish","from here on out, I'm on the sidelines","https://recm.co.za/letters/v2-6#:~:text=from%20here%20on,on%20the%20sidelines"
"2024-02-15","Vol 2 no 6","https://recm.co.za/letters/v2-6","Vodafone","VOD.L","LSE","bearish","Despite the attractive yield, I don't own this share","https://recm.co.za/letters/v2-6#:~:text=Despite%20the%20attractive,own%20this%20share"
"2024-02-15","Vol 2 no 6","https://recm.co.za/letters/v2-6","Argent Industrial","ART.JO","JSE","bullish","It's a matter of time before a significant value unlock occurs here.","https://recm.co.za/letters/v2-6#:~:text=a%20matter%20of,unlock%20occurs%20here."
"2024-02-15","Vol 2 no 6","https://recm.co.za/letters/v2-6","FRMO","FRMO","OTC","bullish","I continue to have a (small) exposure to it via FRMO","https://recm.co.za/letters/v2-6#:~:text=I%20continue%20to,it%20via%20FRMO"
"2024-02-15","Vol 2 no 6","https://recm.co.za/letters/v2-6","Microsoft","MSFT","NASDAQ","bearish","Great business, lousy investment.","https://recm.co.za/letters/v2-6#:~:text=Great%20business%2C%20lousy%20investment."
"2024-02-22","Vol 2 no 7","https://recm.co.za/letters/v2-7","Fairfax Financial","FFH.TO","TSX","bullish","I have not sold out of the fund's position","https://recm.co.za/letters/v2-7#:~:text=I%20have%20not,out%20of%20the"
"2024-02-22","Vol 2 no 7","https://recm.co.za/letters/v2-7","Thungela","TGA.JO","JSE","bearish","Most of it was sold in 2022.","https://recm.co.za/letters/v2-7#:~:text=Most%20of%20it,sold%20in%202022."
"2024-02-22","Vol 2 no 7","https://recm.co.za/letters/v2-7","Cashbuild","CSB.JO","JSE","bearish","On a 12 P/E, we don't own this stock.","https://recm.co.za/letters/v2-7#:~:text=On%20a%2012,own%20this%20stock."
"2024-02-22","Vol 2 no 7","https://recm.co.za/letters/v2-7","JSE Ltd","JSE.JO","JSE","bearish","I think it will be dead money for a long time.","https://recm.co.za/letters/v2-7#:~:text=I%20think%20it,a%20long%20time."
"2024-02-22","Vol 2 no 7","https://recm.co.za/letters/v2-7","Reinet","RNI.JO","JSE","bullish","It's still not expensive.","https://recm.co.za/letters/v2-7#:~:text=It%27s%20still%20not%20expensive."
"2024-02-22","Vol 2 no 7","https://recm.co.za/letters/v2-7","Bank of Georgia","BGEO.L","LSE","bullish","the P/E is still only 4, with a 6,3% dividend yield.","https://recm.co.za/letters/v2-7#:~:text=the%20P%2FE%20is,6%2C3%25%20dividend%20yield."
"2024-02-22","Vol 2 no 7","https://recm.co.za/letters/v2-7","Yellow Cake","YCA.L","LSE","bullish","The cockroach fund holds uranium via the investment trust, Yellow Cake.","https://recm.co.za/letters/v2-7#:~:text=The%20cockroach%20fund,trust%2C%20Yellow%20Cake."
"2024-03-07","Vol 2 no 9","https://recm.co.za/letters/v2-9","Bumble","BMBL","NASDAQ","bearish","avoid it like the plague.","https://recm.co.za/letters/v2-9#:~:text=avoid%20it%20like%20the%20plague."
"2024-03-07","Vol 2 no 9","https://recm.co.za/letters/v2-9","Pfizer","PFE","NYSE","bearish","I don't want to own this share, either.","https://recm.co.za/letters/v2-9#:~:text=want%20to%20own,this%20share%2C%20either."
"2024-03-07","Vol 2 no 9","https://recm.co.za/letters/v2-9","Pick n Pay","PIK.JO","JSE","bearish","Best to stand aside here, and see where the chips fall.","https://recm.co.za/letters/v2-9#:~:text=Best%20to%20stand,the%20chips%20fall."
"2024-03-07","Vol 2 no 9","https://recm.co.za/letters/v2-9","Dell Technologies","DELL","NYSE","bullish","You can't fight this. So don't.","https://recm.co.za/letters/v2-9#:~:text=You%20can%27t%20fight%20this.%20So%20don%27t."
"2024-03-07","Vol 2 no 9","https://recm.co.za/letters/v2-9","Jumia","JMIA","NYSE","bearish","These things can go up a lot, but you must be careful.","https://recm.co.za/letters/v2-9#:~:text=These%20things%20can,must%20be%20careful."
"2024-03-14","Vol 2 no 10","https://recm.co.za/letters/v2-10","Microsoft","MSFT","NASDAQ","bearish","Exciting long-term shareholder returns do not start from here.","https://recm.co.za/letters/v2-10#:~:text=Exciting%20long%2Dterm%20shareholder,start%20from%20here."
"2024-03-14","Vol 2 no 10","https://recm.co.za/letters/v2-10","Argent Industrial","ART.JO","JSE","bullish","Shares outstanding in Argent reduced by 33% between March 2018 and February 2024.","https://recm.co.za/letters/v2-10#:~:text=Shares%20outstanding%20in,and%20February%202024."
"2024-03-14","Vol 2 no 10","https://recm.co.za/letters/v2-10","Calgro M3","CGR.JO","JSE","bullish","Shares outstanding in Calgro M3 reduced by 25%","https://recm.co.za/letters/v2-10#:~:text=Shares%20outstanding%20in,reduced%20by%2025%25"
"2024-03-14","Vol 2 no 10","https://recm.co.za/letters/v2-10","Leatt","LEAT","OTC","bullish","It is a company we admire","https://recm.co.za/letters/v2-10#:~:text=It%20is%20a%20company%20we%20admire"
"2024-03-28","Vol 2 no 11","https://recm.co.za/letters/v2-11","Remgro","REM.JO","JSE","bearish","Remgro is not one of them.","https://recm.co.za/letters/v2-11#:~:text=Remgro%20is%20not%20one%20of%20them."
"2024-03-28","Vol 2 no 11","https://recm.co.za/letters/v2-11","Hipgnosis Songs Fund","SONG.L","LSE","bearish","Most of the time, its uncorrelated nature is a temporary phenomenon; a sales gimmick.","https://recm.co.za/letters/v2-11#:~:text=Most%20of%20the,a%20sales%20gimmick."
"2024-04-04","Vol 2 no 12","https://recm.co.za/letters/v2-12","Newmont","NEM","NYSE","bearish","It would be much better to buy a streaming business like Wheaton","https://recm.co.za/letters/v2-12#:~:text=It%20would%20be,business%20like%20Wheaton"
"2024-04-04","Vol 2 no 12","https://recm.co.za/letters/v2-12","Wheaton Precious Metals","WPM","NYSE","bullish","one of the top holdings in the MW Worldwide Flexible fund","https://recm.co.za/letters/v2-12#:~:text=one%20of%20the,Worldwide%20Flexible%20fund"
"2024-04-04","Vol 2 no 12","https://recm.co.za/letters/v2-12","Spar","SPP.JO","JSE","bearish","I don't own the stock and don't plan to, either.","https://recm.co.za/letters/v2-12#:~:text=own%20the%20stock,plan%20to%2C%20either."
"2024-04-04","Vol 2 no 12","https://recm.co.za/letters/v2-12","Shoprite","SHP.JO","JSE","bullish","I would rather spend my time thinking about Shoprite.","https://recm.co.za/letters/v2-12#:~:text=I%20would%20rather,thinking%20about%20Shoprite."
"2024-04-11","Vol 2 no 13","https://recm.co.za/letters/v2-13","Reckitt Benckiser","RKT.L","LSE","bearish","Now is not the time to change that view.","https://recm.co.za/letters/v2-13#:~:text=Now%20is%20not,change%20that%20view."
"2024-04-11","Vol 2 no 13","https://recm.co.za/letters/v2-13","Swatch Group","UHR.SW","SIX","bearish","And I will continue to avoid exposure to this sector.","https://recm.co.za/letters/v2-13#:~:text=And%20I%20will,to%20this%20sector."
"2024-04-11","Vol 2 no 13","https://recm.co.za/letters/v2-13","China Tianrui Cement","1252.HK","HKEX","bearish","stay away from China.","https://recm.co.za/letters/v2-13#:~:text=stay%20away%20from%20China."
"2024-04-11","Vol 2 no 13","https://recm.co.za/letters/v2-13","Tesco","TSCO.L","LSE","bullish","Tesco remains a bargain.","https://recm.co.za/letters/v2-13#:~:text=Tesco%20remains%20a%20bargain."
"2024-04-11","Vol 2 no 13","https://recm.co.za/letters/v2-13","WeBuyCars","WBC.JO","JSE","bearish","I think the value investor will be better off spending her time evaluating","https://recm.co.za/letters/v2-13#:~:text=I%20think%20the,her%20time%20evaluating"
"2024-04-11","Vol 2 no 13","https://recm.co.za/letters/v2-13","Transaction Capital","TCP.JO","JSE","bullish","what remains of the rump of Transaction Capital.","https://recm.co.za/letters/v2-13#:~:text=what%20remains%20of,of%20Transaction%20Capital."
"2024-04-18","Vol 2 no 14","https://recm.co.za/letters/v2-14","Astoria Investments","ARA.JO","JSE","bullish","Astoria is an interesting investment situation.","https://recm.co.za/letters/v2-14#:~:text=Astoria%20is%20an%20interesting%20investment%20situation."
"2024-04-25","Vol 2 no 15","https://recm.co.za/letters/v2-15","MTN","MTN.JO","JSE","bearish","I still do not own it.","https://recm.co.za/letters/v2-15#:~:text=I%20still%20do%20not%20own%20it."
"2024-04-25","Vol 2 no 15","https://recm.co.za/letters/v2-15","Sasol","SOL.JO","JSE","bearish","Until then, I remain on the sidelines.","https://recm.co.za/letters/v2-15#:~:text=Until%20then%2C%20I,on%20the%20sidelines."
"2024-04-25","Vol 2 no 15","https://recm.co.za/letters/v2-15","American Express","AXP","NYSE","bullish","maybe Amex is worth a second look, as it's outperforming them.","https://recm.co.za/letters/v2-15#:~:text=maybe%20Amex%20is,second%20look%2C%20as"
"2024-05-02","Vol 2 no 16","https://recm.co.za/letters/v2-16","Growthpoint Properties Australia","GOZ.AX","ASX","bearish","It is now lower than the Covid low. Enough said.","https://recm.co.za/letters/v2-16#:~:text=It%20is%20now,low.%20Enough%20said."
"2024-05-02","Vol 2 no 16","https://recm.co.za/letters/v2-16","Universal Music Group","UMG.AS","Euronext Amsterdam","bullish","In a bull market, the business of music does well.","https://recm.co.za/letters/v2-16#:~:text=In%20a%20bull,music%20does%20well."
"2024-05-02","Vol 2 no 16","https://recm.co.za/letters/v2-16","Calgro M3","CGR.JO","JSE","bullish","This stock, and the many others like it, offers a massive opportunity","https://recm.co.za/letters/v2-16#:~:text=This%20stock%2C%20and,a%20massive%20opportunity"
"2024-05-09","Vol 2 no 17","https://recm.co.za/letters/v2-17","Starbucks","SBUX","NASDAQ","bearish","I don't own this stock, and I see no reason to","https://recm.co.za/letters/v2-17#:~:text=own%20this%20stock%2C,no%20reason%20to"
"2024-05-09","Vol 2 no 17","https://recm.co.za/letters/v2-17","Life Healthcare","LHC.JO","JSE","bearish","Move along here; nothing to see.","https://recm.co.za/letters/v2-17#:~:text=Move%20along%20here%3B%20nothing%20to%20see."
"2024-05-09","Vol 2 no 17","https://recm.co.za/letters/v2-17","Cameco","CCJ","NYSE","bullish","Uranium prices could go much, much higher.","https://recm.co.za/letters/v2-17#:~:text=Uranium%20prices%20could,much%2C%20much%20higher."
"2024-05-09","Vol 2 no 17","https://recm.co.za/letters/v2-17","Yellow Cake","YCA.L","LSE","bullish","Uranium prices could go much, much higher.","https://recm.co.za/letters/v2-17#:~:text=Uranium%20prices%20could,much%2C%20much%20higher."
"2024-05-09","Vol 2 no 17","https://recm.co.za/letters/v2-17","Nintendo","7974.T","TSE","bullish","While not as cheap as it used to be, Nintendo is an attractive stock.","https://recm.co.za/letters/v2-17#:~:text=While%20not%20as,an%20attractive%20stock."
"2024-05-16","Vol 2 no 18","https://recm.co.za/letters/v2-18","Teck Resources","TECK","NYSE","bullish","If you're bullish on copper, this is one to own.","https://recm.co.za/letters/v2-18#:~:text=bullish%20on%20copper%2C,one%20to%20own."
"2024-05-16","Vol 2 no 18","https://recm.co.za/letters/v2-18","Naspers","NPN.JO","JSE","bearish","When (if?) I change my mind, I will communicate my thinking here.","https://recm.co.za/letters/v2-18#:~:text=When%20%28if%3F%29%20I,my%20thinking%20here."
"2024-05-23","Vol 2 no 19","https://recm.co.za/letters/v2-19","Discovery","DSY.JO","JSE","bearish","It's not surprising that the stock is going nowhere.","https://recm.co.za/letters/v2-19#:~:text=not%20surprising%20that,is%20going%20nowhere."
"2024-05-23","Vol 2 no 19","https://recm.co.za/letters/v2-19","Wheaton Precious Metals","WPM","NYSE","bullish","It's almost as good as owning the commodity itself.","https://recm.co.za/letters/v2-19#:~:text=almost%20as%20good,the%20commodity%20itself."
"2024-05-23","Vol 2 no 19","https://recm.co.za/letters/v2-19","Westaim","WED.V","TSXV","bullish","this stock is under-followed, under-owned and underpriced.","https://recm.co.za/letters/v2-19#:~:text=this%20stock%20is,under%2Downed%20and%20underpriced."
"2024-05-30","Vol 2 no 20","https://recm.co.za/letters/v2-20","Leatt","LEAT","OTC","bullish","Our money is firmly on management to execute through this.","https://recm.co.za/letters/v2-20#:~:text=Our%20money%20is,execute%20through%20this."
"2024-05-30","Vol 2 no 20","https://recm.co.za/letters/v2-20","Anglo American","AGL.JO","JSE","bearish","the bid premium in the share price might disappear.","https://recm.co.za/letters/v2-20#:~:text=the%20bid%20premium,price%20might%20disappear."
"2024-05-30","Vol 2 no 20","https://recm.co.za/letters/v2-20","Hulamin","HLM.JO","JSE","bullish","But this could be a multi-bagger","https://recm.co.za/letters/v2-20#:~:text=But%20this%20could%20be%20a%20multi%2Dbagger"
"2024-06-06","Vol 2 no 21","https://recm.co.za/letters/v2-21","Anglo American Platinum","AMS.JO","JSE","bearish","I would sit on my hands here.","https://recm.co.za/letters/v2-21#:~:text=I%20would%20sit,my%20hands%20here."
"2024-06-06","Vol 2 no 21","https://recm.co.za/letters/v2-21","Brait","BAT.JO","JSE","bearish","I would continue to steer clear of this.","https://recm.co.za/letters/v2-21#:~:text=I%20would%20continue,clear%20of%20this."
"2024-06-06","Vol 2 no 21","https://recm.co.za/letters/v2-21","Argent Industrial","ART.JO","JSE","bullish","the share is on a 4.5 P/E and dividend yield of 5.2%.","https://recm.co.za/letters/v2-21#:~:text=the%20share%20is,yield%20of%205.2%25."
"2024-06-06","Vol 2 no 21","https://recm.co.za/letters/v2-21","Birkenstock","BIRK","NYSE","bearish","I still wouldn't buy the stock","https://recm.co.za/letters/v2-21#:~:text=I%20still%20wouldn%27t%20buy%20the%20stock"
"2024-06-06","Vol 2 no 21","https://recm.co.za/letters/v2-21","HCI","HCI.JO","JSE","bullish","HCI also happens to be a large holding in the MWI Value fund.","https://recm.co.za/letters/v2-21#:~:text=HCI%20also%20happens,MWI%20Value%20fund."
"2024-06-13","Vol 2 no 22","https://recm.co.za/letters/v2-22","Italtile","ITE.JO","JSE","bearish","Until then, stay out.","https://recm.co.za/letters/v2-22#:~:text=Until%20then%2C%20stay%20out."
"2024-06-13","Vol 2 no 22","https://recm.co.za/letters/v2-22","Renergen","REN.JO","JSE","bearish","you don't have to choose this clown car.","https://recm.co.za/letters/v2-22#:~:text=have%20to%20choose,this%20clown%20car."
"2024-06-13","Vol 2 no 22","https://recm.co.za/letters/v2-22","Berkshire Hathaway","BRK-B","NYSE","bullish","The cockroach has a large holding in Berkshire","https://recm.co.za/letters/v2-22#:~:text=The%20cockroach%20has,holding%20in%20Berkshire"
"2024-06-20","Vol 2 no 23","https://recm.co.za/letters/v2-23","Nvidia","NVDA","NASDAQ","bearish","I'm not about to change how I do things now","https://recm.co.za/letters/v2-23#:~:text=not%20about%20to,do%20things%20now"
"2024-06-27","Vol 2 no 24","https://recm.co.za/letters/v2-24","Sibanye-Stillwater","SSW.JO","JSE","bearish","This is not good for that previous high-flyer Sibanye Stillwater.","https://recm.co.za/letters/v2-24#:~:text=This%20is%20not,high%2Dflyer%20Sibanye%20Stillwater."
"2024-06-27","Vol 2 no 24","https://recm.co.za/letters/v2-24","Lewis Group","LEW.JO","JSE","bullish","This is one of the more significant positions in the MWI Value fund.","https://recm.co.za/letters/v2-24#:~:text=This%20is%20one,MWI%20Value%20fund."
"2024-06-27","Vol 2 no 24","https://recm.co.za/letters/v2-24","Amazon","AMZN","NASDAQ","bearish","dancing close to the door would make sense.","https://recm.co.za/letters/v2-24#:~:text=dancing%20close%20to,would%20make%20sense."
"2024-07-04","Vol 2 no 25","https://recm.co.za/letters/v2-25","Nike","NKE","NYSE","bearish","investment returns are guaranteed to be even worse than business returns.","https://recm.co.za/letters/v2-25#:~:text=investment%20returns%20are,than%20business%20returns."
"2024-07-04","Vol 2 no 25","https://recm.co.za/letters/v2-25","Afrimat","AFT.JO","JSE","bullish","Afrimat will be a large business one day.","https://recm.co.za/letters/v2-25#:~:text=Afrimat%20will%20be,business%20one%20day."
"2024-07-11","Vol 2 no 26","https://recm.co.za/letters/v2-26","Walgreens Boots Alliance","WBA","NASDAQ","bearish","It's hard to see them coming back from this in their current form.","https://recm.co.za/letters/v2-26#:~:text=hard%20to%20see,their%20current%20form."
"2024-07-11","Vol 2 no 26","https://recm.co.za/letters/v2-26","Corning","GLW","NYSE","bearish","If you suffer from FOMO, you have to be involved. I don't.","https://recm.co.za/letters/v2-26#:~:text=If%20you%20suffer,be%20involved.%20I"
"2024-07-11","Vol 2 no 26","https://recm.co.za/letters/v2-26","Standard Bank","SBK.JO","JSE","bullish","Banks are good businesses.","https://recm.co.za/letters/v2-26#:~:text=Banks%20are%20good%20businesses."
"2024-07-11","Vol 2 no 26","https://recm.co.za/letters/v2-26","FirstRand","FSR.JO","JSE","bullish","Banks are good businesses.","https://recm.co.za/letters/v2-26#:~:text=Banks%20are%20good%20businesses."
"2024-07-11","Vol 2 no 26","https://recm.co.za/letters/v2-26","Capitec","CPI.JO","JSE","bullish","Banks are good businesses.","https://recm.co.za/letters/v2-26#:~:text=Banks%20are%20good%20businesses."
"2024-07-18","Vol 2 no 27","https://recm.co.za/letters/v2-27","Kweichow Moutai","600519.SS","SSE","bearish","I would continue to be careful here.","https://recm.co.za/letters/v2-27#:~:text=I%20would%20continue,be%20careful%20here."
"2024-07-18","Vol 2 no 27","https://recm.co.za/letters/v2-27","Burberry","BRBY.L","LSE","bearish","However, the entry point is not right now.","https://recm.co.za/letters/v2-27#:~:text=However%2C%20the%20entry,not%20right%20now."
"2024-07-18","Vol 2 no 27","https://recm.co.za/letters/v2-27","Bell Equipment","BEL.JO","JSE","bullish","Bell is a significant holding in the MW Investments Value fund.","https://recm.co.za/letters/v2-27#:~:text=Bell%20is%20a,Investments%20Value%20fund."
"2024-07-25","Vol 2 no 28","https://recm.co.za/letters/v2-28","UPS","UPS","NYSE","bearish","it's saying there is too much capacity for the current level of demand.","https://recm.co.za/letters/v2-28#:~:text=saying%20there%20is,level%20of%20demand."
"2024-07-25","Vol 2 no 28","https://recm.co.za/letters/v2-28","Chow Tai Fook Jewellery","1929.HK","HKEX","bearish","Buying opportunities will emerge, but it's early days.","https://recm.co.za/letters/v2-28#:~:text=Buying%20opportunities%20will%20emerge%2C%20but%20it%27s%20early%20days."
"2024-07-25","Vol 2 no 28","https://recm.co.za/letters/v2-28","Lockheed Martin","LMT","NYSE","bullish","I think the people who make bombs will be fine.","https://recm.co.za/letters/v2-28#:~:text=I%20think%20the,will%20be%20fine."
"2024-07-25","Vol 2 no 28","https://recm.co.za/letters/v2-28","Microsoft","MSFT","NASDAQ","bearish","this will not end well.","https://recm.co.za/letters/v2-28#:~:text=this%20will%20not%20end%20well."
"2024-08-01","Vol 2 no 29","https://recm.co.za/letters/v2-29","Delivery Hero","DHER.DE","XETRA","bearish","The food delivery business is no different.","https://recm.co.za/letters/v2-29#:~:text=The%20food%20delivery,is%20no%20different."
"2024-08-01","Vol 2 no 29","https://recm.co.za/letters/v2-29","Just Eat Takeaway","TKWY.AS","Euronext Amsterdam","bearish","The food delivery business is no different.","https://recm.co.za/letters/v2-29#:~:text=The%20food%20delivery,is%20no%20different."
"2024-08-01","Vol 2 no 29","https://recm.co.za/letters/v2-29","Lululemon","LULU","NASDAQ","bearish","I found better kit at a lower price point.","https://recm.co.za/letters/v2-29#:~:text=I%20found%20better,lower%20price%20point."
"2024-08-01","Vol 2 no 29","https://recm.co.za/letters/v2-29","Southern Sun","SSU.JO","JSE","bullish","At a P/E of 10, it is not expensive.","https://recm.co.za/letters/v2-29#:~:text=At%20a%20P%2FE,is%20not%20expensive."
"2024-08-01","Vol 2 no 29","https://recm.co.za/letters/v2-29","FirstRand","FSR.JO","JSE","bullish","FirstRand is a top holding in the MWI Value fund.","https://recm.co.za/letters/v2-29#:~:text=FirstRand%20is%20a,MWI%20Value%20fund."
"2024-08-08","Vol 2 no 30","https://recm.co.za/letters/v2-30","Berkshire Hathaway","BRK-B","NYSE","bullish","Buffett has done that for the cockroach.","https://recm.co.za/letters/v2-30#:~:text=Buffett%20has%20done,for%20the%20cockroach."
"2024-08-15","Vol 2 no 31","https://recm.co.za/letters/v2-31","Universal Music Group","UMG.AS","Euronext Amsterdam","bearish","UMG is still too rich for me.","https://recm.co.za/letters/v2-31#:~:text=UMG%20is%20still,rich%20for%20me."
"2024-08-15","Vol 2 no 31","https://recm.co.za/letters/v2-31","Rainbow Chicken","RBO.JO","JSE","bearish","And when it comes to indebted chicken businesses, I'm even more chicken.","https://recm.co.za/letters/v2-31#:~:text=And%20when%20it,even%20more%20chicken."
"2024-08-15","Vol 2 no 31","https://recm.co.za/letters/v2-31","Glencore","GLN.JO","JSE","bullish","The MWI Value Fund owns Glencore; it doesn't own Anglo-American.","https://recm.co.za/letters/v2-31#:~:text=The%20MWI%20Value,owns%20Glencore%3B%20it"
"2024-08-15","Vol 2 no 31","https://recm.co.za/letters/v2-31","Anglo American","AGL.JO","JSE","bearish","The MWI Value Fund owns Glencore; it doesn't own Anglo-American.","https://recm.co.za/letters/v2-31#:~:text=The%20MWI%20Value,owns%20Glencore%3B%20it"
"2024-08-22","Vol 2 no 32","https://recm.co.za/letters/v2-32","Standard Bank","SBK.JO","JSE","bullish","Nothing is so bullish for a bank as a growing lending book.","https://recm.co.za/letters/v2-32#:~:text=Nothing%20is%20so,growing%20lending%20book."
"2024-08-22","Vol 2 no 32","https://recm.co.za/letters/v2-32","Merafe Resources","MRF.JO","JSE","bullish","I call Merafe the little stock that could.","https://recm.co.za/letters/v2-32#:~:text=I%20call%20Merafe,stock%20that%20could."
"2024-08-29","Vol 2 no 33","https://recm.co.za/letters/v2-33","PDD Holdings","PDD","NASDAQ","bullish","Current multiples on Chinese stocks imply low expectations.","https://recm.co.za/letters/v2-33#:~:text=Current%20multiples%20on,imply%20low%20expectations."
"2024-08-29","Vol 2 no 33","https://recm.co.za/letters/v2-33","Spear REIT","SEA.JO","JSE","bullish","The MWI Value fund is a happy shareholder.","https://recm.co.za/letters/v2-33#:~:text=The%20MWI%20Value,a%20happy%20shareholder."
"2024-08-29","Vol 2 no 33","https://recm.co.za/letters/v2-33","Berkshire Hathaway","BRK-B","NYSE","bullish","But it uses Berkshire to get that exposure, not the S&P500 index.","https://recm.co.za/letters/v2-33#:~:text=But%20it%20uses,the%20S%26P500%20index."
"2024-09-05","Vol 2 no 34","https://recm.co.za/letters/v2-34","Peloton","PTON","NASDAQ","bearish","Avoid fad stocks.","https://recm.co.za/letters/v2-34#:~:text=Avoid%20fad%20stocks."
"2024-09-05","Vol 2 no 34","https://recm.co.za/letters/v2-34","Zoom","ZM","NASDAQ","bearish","Avoid fad stocks.","https://recm.co.za/letters/v2-34#:~:text=Avoid%20fad%20stocks."
"2024-09-05","Vol 2 no 34","https://recm.co.za/letters/v2-34","Goldman Sachs","GS","NYSE","bullish","financials could be a haven in a storm this time","https://recm.co.za/letters/v2-34#:~:text=financials%20could%20be,storm%20this%20time"
"2024-10-03","Vol 2 no 36","https://recm.co.za/letters/v2-36","Naspers","NPN.JO","JSE","bearish","This could be a good idea if you don't mind single stock risk","https://recm.co.za/letters/v2-36#:~:text=This%20could%20be,single%20stock%20risk"
"2024-10-03","Vol 2 no 36","https://recm.co.za/letters/v2-36","Prosus","PRX.JO","JSE","bearish","This could be a good idea if you don't mind single stock risk","https://recm.co.za/letters/v2-36#:~:text=This%20could%20be,single%20stock%20risk"
"2024-10-10","Vol 2 no 37","https://recm.co.za/letters/v2-37","Truworths","TRU.JO","JSE","bearish","The Truworths remuneration committee should hang their heads in shame.","https://recm.co.za/letters/v2-37#:~:text=The%20Truworths%20remuneration,heads%20in%20shame."
"2024-10-10","Vol 2 no 37","https://recm.co.za/letters/v2-37","Texas Pacific Land","TPL","NYSE","bullish","No capex and no competition. What an excellent position to be in.","https://recm.co.za/letters/v2-37#:~:text=No%20capex%20and,to%20be%20in."
"2024-10-10","Vol 2 no 37","https://recm.co.za/letters/v2-37","Nvidia","NVDA","NASDAQ","bearish","It's harder to imagine a future for Nvidia","https://recm.co.za/letters/v2-37#:~:text=harder%20to%20imagine,future%20for%20Nvidia"
"2024-10-17","Vol 2 no 38","https://recm.co.za/letters/v2-38","Tesla","TSLA","NASDAQ","bullish","There might be something to Tesla, after all.","https://recm.co.za/letters/v2-38#:~:text=There%20might%20be,Tesla%2C%20after%20all."
"2024-10-24","Vol 2 no 39","https://recm.co.za/letters/v2-39","Sasol","SOL.JO","JSE","bullish","The Sasol share price relative to the oil price in Rand is significantly depressed.","https://recm.co.za/letters/v2-39#:~:text=The%20Sasol%20share,is%20significantly%20depressed."
"2024-10-31","Vol 2 no 40","https://recm.co.za/letters/v2-40","Newmont","NEM","NYSE","bearish","I regard the shares of most mining companies as uninvestable.","https://recm.co.za/letters/v2-40#:~:text=I%20regard%20the,companies%20as%20uninvestable."
"2024-11-07","Vol 2 no 41","https://recm.co.za/letters/v2-41","Berkshire Hathaway","BRK-B","NYSE","bullish","Berkshire Hathaway (of course!)","https://recm.co.za/letters/v2-41#:~:text=Berkshire%20Hathaway%20%28of%20course%21%29"
"2024-11-07","Vol 2 no 41","https://recm.co.za/letters/v2-41","Walt Disney","DIS","NYSE","bullish","Walt Disney (I have started nibbling at this one)","https://recm.co.za/letters/v2-41#:~:text=Walt%20Disney%20%28I,at%20this%20one%29"
"2024-11-07","Vol 2 no 41","https://recm.co.za/letters/v2-41","Nestle","NESN.SW","SIX","bullish","Nestle (I have started nibbling at this one, too)","https://recm.co.za/letters/v2-41#:~:text=Nestle%20%28I%20have,this%20one%2C%20too%29"
"2024-11-07","Vol 2 no 41","https://recm.co.za/letters/v2-41","Coca-Cola","KO","NYSE","bullish","Here is my list of 10 stocks forever:","https://recm.co.za/letters/v2-41#:~:text=Here%20is%20my,10%20stocks%20forever%3A"
"2024-11-07","Vol 2 no 41","https://recm.co.za/letters/v2-41","LVMH","MC.PA","Euronext Paris","bullish","Here is my list of 10 stocks forever:","https://recm.co.za/letters/v2-41#:~:text=Here%20is%20my,10%20stocks%20forever%3A"
"2024-11-07","Vol 2 no 41","https://recm.co.za/letters/v2-41","Investor AB","INVE-B.ST","Nasdaq Stockholm","bullish","Here is my list of 10 stocks forever:","https://recm.co.za/letters/v2-41#:~:text=Here%20is%20my,10%20stocks%20forever%3A"
"2024-11-07","Vol 2 no 41","https://recm.co.za/letters/v2-41","Mastercard","MA","NYSE","bullish","Here is my list of 10 stocks forever:","https://recm.co.za/letters/v2-41#:~:text=Here%20is%20my,10%20stocks%20forever%3A"
"2024-11-07","Vol 2 no 41","https://recm.co.za/letters/v2-41","Peabody Energy","BTU","NYSE","bullish","This energy transition will take much longer than most people think. Invest accordingly.","https://recm.co.za/letters/v2-41#:~:text=This%20energy%20transition,think.%20Invest%20accordingly."
"2024-11-07","Vol 2 no 41","https://recm.co.za/letters/v2-41","Volkswagen","VOW3.DE","XETRA","bearish","Germany remains a difficult place to invest in","https://recm.co.za/letters/v2-41#:~:text=Germany%20remains%20a,to%20invest%20in"
"2024-11-07","Vol 2 no 41","https://recm.co.za/letters/v2-41","Texas Pacific Land","TPL","NYSE","bullish","The best investment opportunities are not always obvious.","https://recm.co.za/letters/v2-41#:~:text=The%20best%20investment,not%20always%20obvious."
"2024-11-14","Vol 2 no 42","https://recm.co.za/letters/v2-42","Boxer","BOX.JO","JSE","bullish","This might turn out to be a good stag.","https://recm.co.za/letters/v2-42#:~:text=This%20might%20turn,a%20good%20stag."
"2024-11-14","Vol 2 no 42","https://recm.co.za/letters/v2-42","Berkshire Hathaway","BRK-B","NYSE","bullish","I am happy with the performance of my outsourced, 94-year-old fund manager","https://recm.co.za/letters/v2-42#:~:text=I%20am%20happy,94%2Dyear%2Dold%20fund%20manager"
"2024-11-14","Vol 2 no 42","https://recm.co.za/letters/v2-42","MicroStrategy","MSTR","NASDAQ","bearish","Bitcoin is no exception, and neither is MicroStrategy, so caveat emptor.","https://recm.co.za/letters/v2-42#:~:text=Bitcoin%20is%20no,so%20caveat%20emptor."
"2024-11-21","Vol 2 no 43","https://recm.co.za/letters/v2-43","Sasol","SOL.JO","JSE","bullish","The stock is cheap, and the MWI Value fund owns some of it","https://recm.co.za/letters/v2-43#:~:text=The%20stock%20is,some%20of%20it"
"2024-11-21","Vol 2 no 43","https://recm.co.za/letters/v2-43","Netflix","NFLX","NASDAQ","bearish","Ten times sales is just too rich for my simple taste.","https://recm.co.za/letters/v2-43#:~:text=Ten%20times%20sales,my%20simple%20taste."
"2024-11-28","Vol 2 no 44","https://recm.co.za/letters/v2-44","WeBuyCars","WBC.JO","JSE","bullish","When the chance comes around to buy a wonderful business with wonderful management","https://recm.co.za/letters/v2-44#:~:text=When%20the%20chance,with%20wonderful%20management"
"2024-11-28","Vol 2 no 44","https://recm.co.za/letters/v2-44","Lewis Group","LEW.JO","JSE","bullish","Lewis is possibly one of the primary beneficiaries of the two-pot system.","https://recm.co.za/letters/v2-44#:~:text=Lewis%20is%20possibly,the%20two%2Dpot%20system."
"2024-11-28","Vol 2 no 44","https://recm.co.za/letters/v2-44","Reinet","RNI.JO","JSE","bullish","The MWI Value fund owns Reinet","https://recm.co.za/letters/v2-44#:~:text=The%20MWI%20Value%20fund%20owns%20Reinet"
"2024-12-05","Vol 2 no 45","https://recm.co.za/letters/v2-45","Walt Disney","DIS","NYSE","bullish","Added a 1% holding in Disney","https://recm.co.za/letters/v2-45#:~:text=Added%20a%201%25%20holding%20in%20Disney"
"2024-12-05","Vol 2 no 45","https://recm.co.za/letters/v2-45","Nestle","NESN.SW","SIX","bullish","Added 0,5% of Nestle","https://recm.co.za/letters/v2-45#:~:text=Added%200%2C5%25%20of%20Nestle"
