letter_ref,letter_url,item,note
Vol 4 no 1,https://recm.co.za/letters/v4-1,no holdings,"Annual review; fund returns only, no named holdings"
Vol 4 no 2,https://recm.co.za/letters/v4-2,"Ferrari, Mastercard","Candidates for 10-stocks-forever list, not yet bought"
Vol 4 no 3,https://recm.co.za/letters/v4-3,Hard asset allocation table,"Holdings and weights shown only as an image, which could not be read"
Vol 4 no 3,https://recm.co.za/letters/v4-3,Outdoor Investment Holdings,"Piet personal shareholding, not the fund"
Vol 4 no 4,https://recm.co.za/letters/v4-4,Cockroach equity table,"Equity holdings and weights shown only as an image; five forever stocks not named in text, each below 2.5% target"
Vol 4 no 4,https://recm.co.za/letters/v4-4,Alphamin,"Held by MWI Value Fund, not the Cockroach"
Vol 4 no 4,https://recm.co.za/letters/v4-4,"Apple, Microsoft","Candidates for 6th forever stock, not bought"
Vol 4 no 5,https://recm.co.za/letters/v4-5,Cockroach cash allocation table,Cash weights shown only as an image
Vol 4 no 6,https://recm.co.za/letters/v4-6,"Nintendo, Mastercard, Apple/Microsoft","Being considered, not bought"
Vol 4 no 6,https://recm.co.za/letters/v4-6,Equity exposure table,Weights shown only as an image
Vol 4 no 7,https://recm.co.za/letters/v4-7,no holdings,No Cockroach section
Vol 4 no 8,https://recm.co.za/letters/v4-8,"Hermes/Ferrari, Microsoft/Apple, Nintendo/Roblox, Mastercard, Investor AB",Forever-list names not yet bought
Vol 4 no 8,https://recm.co.za/letters/v4-8,Cockroach equities table,Weights shown only as an image
Vol 4 no 9,https://recm.co.za/letters/v4-9,Asset classes,Describes 25/25/25/25 split; no other named holdings
Vol 4 no 10,https://recm.co.za/letters/v4-10,Bond exposure table,No trades; bond holdings shown only as an image
Vol 4 no 11,https://recm.co.za/letters/v4-11,no holdings,"No trades, fund performance only"
Vol 4 no 13,https://recm.co.za/letters/v4-13,Bond exposure table,"No trades; bond portfolio yield 6.7%, holdings shown only as an image"
Vol 4 no 14,https://recm.co.za/letters/v4-14,Hard asset table,Weights shown only as an image
Vol 4 no 15,https://recm.co.za/letters/v4-15,Equity table,Weights shown only as an image
Vol 4 no 17,https://recm.co.za/letters/v4-17,Total cash,Almost 27% in cash; split by currency shown only as an image
Vol 4 no 18,https://recm.co.za/letters/v4-18,Bond portfolio table,No trades; no Western developed-market bonds held; weights shown only as an image
Vol 4 no 19,https://recm.co.za/letters/v4-19,Hard assets total,Dropped to 23.5% of the fund
Vol 4 no 20,https://recm.co.za/letters/v4-20,no holdings,No trades; hard-asset theory
Vol 4 no 21,https://recm.co.za/letters/v4-21,Hard assets total,Declined to 22.4%; plan to buy a precious-metals streaming company (not named in the quotes obtained)
Vol 4 no 22,https://recm.co.za/letters/v4-22,Ten stocks forever,7 of 10 bought; forever stocks total 13.6% of the fund; Apple/Microsoft/Constellation Software still candidates
Vol 4 no 23,https://recm.co.za/letters/v4-23,no holdings,Macro view; cash at 25%
Vol 4 no 25,https://recm.co.za/letters/v4-25,Bonds,No bond transactions this year; avoids Western developed-market bonds
Vol 4 no 26,https://recm.co.za/letters/v4-26,no holdings,Fund approach and performance only
Vol 4 no 27,https://recm.co.za/letters/v4-27,Under consideration,"Yen/bonds, inflation-linked bonds, Apple or Constellation Software, switching TPL to FRMO; no trades"
Vol 4 no 28,https://recm.co.za/letters/v4-28,no holdings,No Cockroach section
Vol 4 no 30,https://recm.co.za/letters/v4-30,Lewis Group,"Top holding of the MWI Value Fund, not the Cockroach; a Mauritius mirror fund approved"
Vol 4 no 32,https://recm.co.za/letters/v4-32,Forever stocks count,"Letter says 14% in 6 of the 10 forever stocks, but v4-31 names 7 held (incl. DSM-Firmenich); individual weights not given"
Vol 4 no 32,https://recm.co.za/letters/v4-32,"Yellow Cake, XLE",Still listed at 1% and 4% although v4-21 said they would be sold; treated as still held
Vol 4 no 34,https://recm.co.za/letters/v4-34,no holdings,No trades; US-dollar version of the fund being set up
Vol 4 no 21,https://recm.co.za/letters/v4-21,Streaming company,Plan to buy a precious-metals streaming company; no later letter names one
all,,Images,"Many letters show holdings tables as images, which could not be read; figures here come from text only"
