as_of,holding,weight,ticker,link
2026-06-30,SPDR Gold Shares ETF,11.3,GLD,https://finance.yahoo.com/quote/GLD
2026-06-30,Merchant West SCI Enhanced Income Fund Class D,9.4,,
2026-06-30,VanEck JP Morgan EM Local Currency Bond ETF,7.8,EMLC,https://finance.yahoo.com/quote/EMLC
2026-06-30,iShares $ Treasury Bond 0-1yr ETF,6.4,IB01.L,https://finance.yahoo.com/quote/IB01.L
2026-06-30,US Dollar,6.3,,
2026-06-30,Merchant West SCI Value Fund,5.7,,
2026-06-30,RSA Govt Bond R2044 8.75% 31012044,5.4,,
2026-06-30,iShares Core Japan Government Bond ETF,4.7,2561.T,https://finance.yahoo.com/quote/2561.T
2026-06-30,RSA Govt Bond R2040 9.0% 31012040,4.7,,
2026-06-30,Texas Pacific Land Corporation,3.5,TPL,https://finance.yahoo.com/quote/TPL
